NDCGK_10,NDCGK_20,NDCGK_30
0.2950562187673047,0.30589647325554414,0.32225844514378543
